aX,aY,aZ,gX,gY,gZ
-0.16,-1.07,0.77,-0.00,-0.33,0.05
-0.17,-0.94,0.73,-0.00,-0.39,0.00
-0.19,-0.80,0.48,-0.08,-0.42,-0.01
-0.12,-0.42,0.00,-0.15,-0.44,0.03
-0.14,-0.62,-0.59,-0.17,-0.46,0.05
-0.08,-0.21,-0.89,-0.22,-0.46,0.05
0.03,0.06,-1.30,-0.21,-0.50,0.10
0.32,-0.17,-1.74,-0.23,-0.52,0.16
0.26,-0.61,-2.42,-0.24,-0.53,0.20
0.35,-1.07,-3.32,-0.20,-0.57,0.17
-0.01,-1.31,-4.71,-0.10,-0.63,0.11
-0.85,-1.51,-6.67,-0.01,-0.71,0.00
-1.39,-1.09,-8.81,0.06,-0.71,-0.10
-1.87,-0.75,-10.96,0.14,-0.64,-0.13
-1.74,-0.93,-13.03,0.19,-0.51,-0.11
-2.04,-1.68,-15.41,0.22,-0.35,-0.07
-2.55,-3.13,-18.48,0.28,-0.06,-0.11
-3.45,-3.64,-20.14,0.25,0.49,-0.24
-4.37,-3.41,-20.52,0.20,1.08,-0.31
-5.15,-3.24,-19.88,0.16,1.64,-0.37
-5.75,-2.35,-19.33,0.10,2.18,-0.39
-5.77,-2.34,-17.70,0.15,2.73,-0.39
-6.06,-2.31,-14.43,0.12,3.22,-0.41
-6.01,-2.00,-10.94,-0.01,3.57,-0.40
-5.67,-0.99,-7.52,-0.07,3.75,-0.36
-5.90,-0.58,-5.00,-0.02,3.82,-0.30
-5.99,0.07,-2.33,0.18,3.86,-0.36
-6.04,0.58,0.25,0.39,3.87,-0.39
-6.23,0.64,2.99,0.54,3.93,-0.39
-5.59,0.03,6.68,0.61,4.06,-0.43
-4.97,-0.52,10.98,0.52,4.13,-0.45
-3.89,-0.59,15.63,0.31,4.04,-0.51
-2.74,0.43,19.85,0.18,3.69,-0.54
-1.73,1.26,23.03,0.15,3.20,-0.48
-0.71,1.26,24.83,0.12,2.64,-0.34
-0.19,0.14,25.34,0.00,2.08,-0.25
-0.23,-0.26,25.06,-0.16,1.62,-0.32
-0.57,0.01,24.80,-0.23,1.29,-0.42
-0.75,0.23,25.10,-0.29,1.01,-0.49
-0.72,1.25,26.13,-0.42,0.68,-0.51
-0.31,2.63,26.89,-0.53,0.23,-0.45
-0.09,3.18,26.84,-0.47,-0.32,-0.35
0.02,3.10,25.43,-0.32,-0.90,-0.33
-0.02,2.98,23.91,-0.17,-1.32,-0.36
-0.20,2.71,23.21,-0.15,-1.63,-0.35
-0.70,3.04,22.53,-0.30,-1.94,-0.28
-1.32,3.53,21.87,-0.30,-2.26,-0.17
-2.42,4.57,20.71,-0.16,-2.70,-0.05
-2.98,3.81,18.57,0.10,-3.18,0.15
-4.33,1.55,16.43,0.18,-3.53,0.26
-5.32,-0.44,14.74,0.06,-3.79,0.27
-6.49,-1.96,13.33,-0.21,-4.00,0.25
-7.51,-2.23,12.85,-0.42,-4.34,0.09
-6.61,0.70,10.89,-0.49,-4.97,-0.15
-7.74,2.70,6.24,-0.16,-5.50,-0.09
-7.99,3.54,2.07,0.00,-5.88,0.04
-10.05,3.17,-2.61,0.01,-6.03,0.31
-12.27,1.76,-7.19,-0.05,-5.95,0.52
-13.87,0.69,-10.43,-0.27,-5.58,0.63
-13.44,2.34,-12.31,-0.42,-5.23,0.58
-12.71,3.10,-15.47,-0.02,-5.15,0.58
-11.87,1.58,-18.74,0.32,-4.98,0.65
-11.41,-0.75,-22.40,0.42,-4.68,0.78
-12.09,-3.43,-26.01,0.21,-4.31,0.94
-12.92,-5.63,-30.23,-0.08,-3.87,0.92
-13.63,-6.10,-34.92,-0.22,-3.28,0.68
-13.32,-5.02,-38.93,-0.12,-2.50,0.28
-12.81,-3.85,-41.43,0.14,-1.48,-0.04
-12.55,-3.45,-41.75,0.25,-0.30,-0.24
-11.86,-2.90,-39.76,0.18,0.91,-0.30
-11.07,-3.33,-35.85,0.09,2.01,-0.33
-10.09,-2.82,-30.80,-0.09,2.93,-0.41
-9.35,-1.26,-25.14,-0.14,3.65,-0.47
-9.13,-0.11,-19.57,-0.01,4.06,-0.51
-9.31,-0.15,-15.30,0.26,4.22,-0.53
-9.55,-0.99,-12.06,0.44,4.28,-0.56
-10.07,-1.66,-9.80,0.49,4.36,-0.60
-10.22,-1.78,-7.64,0.42,4.49,-0.65
-10.24,-1.04,-5.33,0.31,4.68,-0.70
-10.05,0.14,-2.88,0.23,4.81,-0.69
-9.71,0.70,-0.73,0.23,4.88,-0.63
-8.98,0.86,2.06,0.29,4.91,-0.60
-8.62,1.01,4.15,0.31,4.82,-0.54
-8.23,1.00,6.14,0.34,4.72,-0.47
-7.99,0.97,8.22,0.37,4.60,-0.45
-7.42,1.37,11.14,0.33,4.53,-0.43
-6.09,1.81,15.18,0.14,4.42,-0.32
-4.68,2.22,18.39,-0.17,4.19,-0.15
-3.33,2.13,20.89,-0.31,3.89,-0.03
-2.18,1.76,23.27,-0.29,3.40,0.03
-1.53,1.71,25.20,-0.27,2.85,0.06
-1.03,1.58,26.33,-0.30,2.19,0.17
-1.07,0.90,26.70,-0.42,1.65,0.27
-1.28,0.37,26.68,-0.52,1.14,0.28
-2.03,-0.04,26.49,-0.50,0.64,0.23
-2.50,-0.76,26.13,-0.37,0.05,0.09
-2.69,-0.59,24.42,-0.38,-0.49,-0.06
-2.67,0.33,22.24,-0.43,-0.89,-0.18
-2.45,1.78,20.76,-0.48,-1.18,-0.22
-1.93,2.61,19.62,-0.50,-1.48,-0.13
-1.68,2.20,18.67,-0.43,-1.80,-0.05
-1.04,1.58,17.71,-0.31,-2.15,-0.04
-0.79,-0.12,16.43,-0.26,-2.48,-0.02
-0.08,-0.94,14.83,-0.34,-2.84,-0.10
0.52,-0.25,12.48,-0.26,-3.30,-0.17
-0.09,0.32,9.20,0.08,-3.85,-0.15
-0.15,0.44,4.55,0.43,-4.40,-0.06
-1.42,-1.20,-2.03,0.59,-4.71,0.10
-1.62,-2.71,-8.32,0.41,-4.64,0.19
-2.77,-3.06,-14.59,0.14,-4.33,0.13
-4.14,-2.19,-19.90,0.20,-3.91,-0.00
-4.56,-0.78,-23.34,0.45,-3.35,-0.13
-4.33,0.64,-25.15,0.60,-2.65,-0.09
-3.72,0.78,-25.38,0.57,-1.90,0.06
-3.18,-0.43,-23.09,0.50,-1.07,0.16
-2.38,-0.67,-19.64,0.42,-0.42,0.24
-2.33,-2.05,-15.84,0.41,0.02,0.28
-2.13,-2.96,-12.53,0.41,0.28,0.19
-1.75,-2.91,-9.36,0.50,0.41,0.01
-1.46,-2.41,-6.84,0.52,0.46,-0.13
0.45,-0.04,0.97,-0.14,-0.06,0.00
0.46,0.12,1.18,-0.14,-0.09,0.02
0.58,0.32,1.12,-0.15,-0.14,0.04
0.49,0.44,0.98,-0.12,-0.19,0.06
0.42,0.37,0.98,-0.06,-0.26,0.06
0.40,0.25,0.86,-0.04,-0.30,0.07
0.30,0.15,0.63,-0.06,-0.33,0.08
0.21,-0.03,0.36,-0.06,-0.35,0.10
0.08,-0.31,-0.01,-0.08,-0.37,0.11
0.08,-0.44,-0.24,-0.10,-0.39,0.09
0.07,-0.60,-0.91,-0.11,-0.43,0.08
0.28,-0.72,-1.49,-0.14,-0.45,0.06
0.72,-0.79,-2.47,-0.19,-0.48,0.07
0.90,-1.06,-3.63,-0.15,-0.55,0.05
0.70,-1.38,-5.49,0.02,-0.70,-0.00
0.15,-1.83,-7.79,0.21,-0.88,-0.08
-0.27,-2.04,-10.45,0.33,-1.02,-0.17
-1.16,-2.17,-14.16,0.51,-1.00,-0.34
-1.20,-1.88,-17.19,0.73,-0.77,-0.49
-1.99,-2.06,-19.77,0.80,-0.29,-0.55
-2.71,-2.40,-20.89,0.72,0.39,-0.53
-3.35,-2.44,-20.53,0.50,1.13,-0.45
-4.04,-2.45,-19.78,0.21,1.80,-0.36
-4.58,-2.20,-18.09,0.06,2.38,-0.34
-4.84,-1.81,-15.90,-0.02,2.88,-0.38
-4.70,-1.49,-13.13,0.11,3.26,-0.46
-4.46,-1.31,-10.03,0.32,3.48,-0.52
-4.45,-1.05,-7.28,0.36,3.63,-0.56
-4.39,-0.32,-4.62,0.30,3.77,-0.53
-4.44,-0.05,-1.98,0.17,3.87,-0.40
-4.58,0.07,0.42,0.03,3.98,-0.29
-4.45,0.14,2.98,0.01,3.99,-0.24
-4.52,-0.20,5.23,0.13,3.94,-0.28
-4.45,-0.19,7.93,0.29,3.88,-0.40
-3.75,0.03,11.18,0.45,3.80,-0.52
-2.88,0.45,14.45,0.45,3.65,-0.54
-2.01,0.63,17.37,0.32,3.47,-0.47
-1.24,0.99,20.19,0.17,3.24,-0.38
-0.26,1.44,23.45,-0.02,2.85,-0.25
0.47,1.43,24.97,-0.23,2.31,-0.07
0.65,0.70,24.99,-0.27,1.76,0.02
0.45,-0.35,24.63,-0.15,1.24,-0.07
0.31,-0.82,24.80,-0.05,0.79,-0.24
0.12,-0.75,24.75,-0.11,0.38,-0.37
0.08,-0.28,24.28,-0.25,-0.01,-0.45
0.08,0.69,23.61,-0.35,-0.39,-0.51
0.54,2.01,23.29,-0.35,-0.79,-0.54
0.78,2.63,22.24,-0.35,-1.20,-0.48
0.84,3.17,21.01,-0.41,-1.56,-0.42
0.60,3.84,19.70,-0.47,-1.87,-0.33
0.25,3.72,18.57,-0.37,-2.18,-0.25
-0.51,3.25,17.95,-0.27,-2.49,-0.19
-0.98,2.63,16.99,-0.24,-2.81,-0.10
-1.73,1.68,15.88,-0.28,-3.11,-0.03
-2.38,1.58,14.92,-0.35,-3.42,0.05
-2.84,1.56,13.46,-0.38,-3.80,0.10
-3.47,1.79,11.06,-0.26,-4.18,0.12
-4.68,1.42,9.05,-0.05,-4.46,0.14
-5.81,1.23,7.06,0.06,-4.72,0.17
-6.57,0.70,4.66,0.03,-4.83,0.23
-7.27,0.42,2.87,-0.09,-4.89,0.36
-7.36,0.38,0.63,-0.24,-4.97,0.43
-7.33,0.85,-2.12,-0.31,-5.01,0.44
-8.16,1.60,-4.11,-0.22,-4.98,0.42
-8.60,2.94,-6.08,-0.08,-5.02,0.47
-9.04,3.19,-9.04,-0.02,-5.00,0.66
-9.69,1.55,-11.77,0.04,-4.87,0.86
-10.03,-1.15,-14.26,-0.07,-4.62,0.98
-10.09,-2.96,-17.12,-0.32,-4.29,0.95
-10.23,-3.32,-20.20,-0.39,-3.92,0.75
-9.93,-1.89,-22.55,-0.21,-3.58,0.50
-10.31,-1.00,-25.60,-0.02,-3.22,0.39
-10.34,-1.48,-28.65,0.11,-2.67,0.33
-10.06,-2.60,-30.55,0.13,-1.92,0.25
-9.60,-3.77,-31.16,0.13,-1.08,0.14
-9.54,-4.50,-30.72,0.07,-0.25,-0.05
-9.27,-3.81,-30.03,0.04,0.42,-0.26
-9.21,-2.50,-28.96,0.10,1.05,-0.43
-8.97,-1.57,-26.94,0.18,1.73,-0.55
-8.12,-0.80,-23.78,0.14,2.37,-0.59
-7.68,-0.04,-20.51,0.01,2.94,-0.55
-7.43,-0.14,-17.23,0.02,3.34,-0.47
-7.73,-0.74,-14.34,0.20,3.59,-0.50
-8.00,-1.01,-11.88,0.41,3.69,-0.61
-8.24,-1.17,-10.01,0.48,3.75,-0.70
-8.14,-0.86,-8.63,0.38,3.87,-0.75
-8.09,-0.58,-7.65,0.30,4.02,-0.75
-8.14,-0.38,-5.82,0.24,4.20,-0.75
-8.00,-0.04,-3.95,0.21,4.31,-0.71
-7.78,0.19,-2.14,0.22,4.34,-0.66
-7.92,1.03,-1.13,0.23,4.32,-0.63
-7.85,1.53,-0.03,0.35,4.34,-0.56
-7.63,1.44,1.66,0.48,4.38,-0.53
-7.31,1.40,3.57,0.46,4.39,-0.48
-6.89,0.98,5.73,0.37,4.39,-0.41
-6.33,0.52,8.11,0.25,4.36,-0.36
-5.84,0.97,10.79,0.11,4.26,-0.32
-4.94,1.52,13.30,0.09,4.06,-0.25
-4.09,1.76,16.06,0.08,3.83,-0.19
-2.82,2.40,18.87,-0.03,3.56,-0.11
-1.73,2.80,20.80,-0.10,3.22,0.01
-0.87,2.26,22.25,-0.07,2.88,0.13
0.10,1.38,23.83,-0.06,2.51,0.18
0.33,0.87,25.20,-0.17,2.05,0.24
0.31,0.87,25.78,-0.27,1.50,0.31
-0.05,0.44,25.11,-0.21,0.89,0.34
-0.53,-0.65,24.18,-0.03,0.34,0.26
-0.48,-1.33,23.16,0.04,-0.11,0.10
-0.67,-1.54,21.77,-0.06,-0.47,-0.03
-0.69,-1.62,20.40,-0.25,-0.72,-0.14
-0.44,-1.23,19.94,-0.48,-0.94,-0.22
-0.38,0.03,19.55,-0.68,-1.24,-0.26
0.10,1.86,18.91,-0.71,-1.65,-0.21
0.58,2.58,17.38,-0.60,-2.07,-0.10
0.95,2.45,15.24,-0.41,-2.44,-0.03
1.37,1.81,13.68,-0.19,-2.71,-0.02
0.93,0.97,12.49,-0.15,-2.91,0.02
0.36,0.23,11.23,-0.24,-3.10,0.08
-1.25,-0.15,9.86,-0.45,-3.24,0.17
-1.47,-0.36,7.78,-0.51,-3.51,0.20
-0.38,1.17,-1.70,-0.03,-0.78,0.10
-0.87,1.05,-3.27,-0.14,-0.71,0.16
-1.22,1.02,-4.87,-0.18,-0.57,0.18
-1.48,0.90,-6.35,-0.09,-0.45,0.14
-1.82,0.65,-7.11,0.19,-0.43,0.00
-2.06,0.99,-8.88,0.41,-0.54,-0.16
-2.80,1.42,-10.88,0.57,-0.53,-0.27
-3.17,1.40,-13.52,0.67,-0.39,-0.34
-3.21,1.23,-15.62,0.49,-0.02,-0.31
-3.08,1.17,-17.00,0.30,0.42,-0.25
-3.49,1.43,-17.46,0.19,0.91,-0.16
-4.46,1.28,-17.46,0.13,1.38,-0.07
-5.10,1.46,-16.83,0.09,1.80,-0.08
-5.46,1.93,-16.08,0.03,2.24,-0.04
-5.55,1.99,-14.59,0.02,2.70,0.07
-5.55,1.13,-12.59,0.01,3.07,0.15
-5.70,0.65,-10.02,-0.09,3.38,0.22
-5.91,0.36,-7.67,-0.20,3.58,0.26
-5.50,0.12,-5.82,-0.24,3.71,0.24
-5.22,0.53,-3.88,-0.19,3.85,0.20
-4.67,0.75,-1.12,-0.04,3.94,0.16
-4.22,0.81,1.86,0.00,3.93,0.17
-4.07,0.70,3.63,0.06,3.83,0.19
-4.14,-0.42,5.19,0.18,3.73,0.18
-4.24,-0.39,6.99,0.16,3.66,0.11
-3.83,0.06,8.90,0.23,3.58,0.09
-3.52,-0.41,11.09,0.33,3.47,0.05
-2.86,-0.74,13.51,0.29,3.38,-0.02
-1.92,-1.16,16.04,0.23,3.27,-0.08
-0.66,-1.56,19.46,0.19,3.09,-0.23
0.31,-1.07,22.62,0.01,2.72,-0.30
0.90,-0.22,24.38,-0.08,2.18,-0.27
1.54,-0.27,25.07,0.04,1.61,-0.20
1.64,-1.55,25.23,0.18,1.08,-0.22
1.60,-2.48,24.88,0.17,0.63,-0.36
1.55,-2.82,24.63,0.17,0.25,-0.51
1.67,-2.69,23.98,0.15,-0.11,-0.69
1.83,-1.99,23.79,0.01,-0.43,-0.78
1.83,-0.74,23.21,-0.13,-0.75,-0.83
2.12,0.31,22.69,-0.20,-1.10,-0.81
1.87,0.99,21.69,-0.28,-1.46,-0.77
1.76,1.77,20.52,-0.26,-1.81,-0.77
1.42,1.65,19.11,-0.11,-2.15,-0.75
0.87,1.44,17.95,-0.05,-2.42,-0.74
0.32,1.60,16.86,-0.04,-2.58,-0.72
-0.21,1.52,16.65,-0.01,-2.73,-0.67
-0.83,1.80,17.70,-0.18,-3.03,-0.54
-1.80,2.95,16.83,-0.45,-3.56,-0.38
-3.15,4.10,13.48,-0.31,-4.08,-0.24
-4.45,3.48,10.68,0.08,-4.48,-0.16
-5.76,1.87,8.44,0.27,-4.70,-0.14
-7.66,1.21,6.62,0.31,-4.81,-0.17
-8.73,0.62,4.97,0.42,-4.87,-0.18
-9.73,-0.08,3.17,0.54,-4.85,-0.23
-10.75,0.11,0.85,0.69,-4.99,-0.35
-10.09,1.69,-0.14,0.43,-5.17,-0.31
-10.74,2.58,-4.57,0.11,-5.52,-0.04
-11.27,2.57,-9.32,-0.17,-5.55,0.22
-13.17,0.90,-13.91,-0.26,-5.43,0.32
-14.11,0.69,-17.52,-0.39,-5.18,0.20
-14.94,2.26,-22.63,-0.37,-4.89,-0.01
-14.43,4.00,-27.50,-0.14,-4.43,-0.15
-13.46,5.68,-31.15,0.10,-3.72,-0.15
-12.23,6.00,-33.75,0.17,-2.90,0.05
-11.87,4.46,-35.44,0.16,-2.06,0.27
-11.72,2.29,-35.99,0.11,-1.09,0.33
-11.79,1.10,-35.20,0.06,-0.09,0.22
-11.62,1.28,-33.07,0.08,0.82,-0.02
-11.32,2.51,-30.62,0.12,1.55,-0.15
-10.80,3.29,-27.42,0.07,2.29,-0.20
-9.80,4.48,-24.03,0.00,2.90,-0.14
-9.21,4.82,-20.55,0.00,3.39,0.00
-9.25,3.79,-16.95,0.16,3.71,0.12
-9.61,2.36,-14.03,0.32,3.89,0.11
-9.82,0.92,-11.99,0.45,4.01,0.02
-10.01,0.50,-10.16,0.45,4.17,-0.12
-9.68,1.39,-8.12,0.44,4.35,-0.20
-9.32,1.69,-6.18,0.44,4.49,-0.15
-8.74,1.72,-3.92,0.38,4.62,-0.06
-8.57,1.40,-2.11,0.28,4.67,0.08
-8.38,0.89,-0.47,0.26,4.69,0.16
-8.04,0.60,0.95,0.29,4.68,0.18
-7.58,1.02,2.68,0.39,4.64,0.12
-7.09,1.28,4.52,0.51,4.55,0.13
-6.61,0.79,6.16,0.56,4.49,0.16
-5.97,0.18,8.21,0.50,4.42,0.17
-5.48,-0.20,10.12,0.37,4.34,0.19
-4.98,-0.55,12.26,0.28,4.19,0.18
-4.34,-0.04,14.34,0.20,3.98,0.17
-3.21,0.49,16.34,0.15,3.69,0.21
-2.40,0.86,18.25,0.08,3.39,0.23
-1.65,1.31,20.10,0.02,3.11,0.28
-0.53,0.76,22.18,0.00,2.81,0.34
0.29,0.04,24.27,-0.04,2.42,0.41
0.62,-0.71,25.72,-0.13,1.96,0.48
0.66,-1.43,26.63,-0.22,1.47,0.51
0.66,-1.91,27.33,-0.33,0.94,0.48
0.43,-2.28,26.96,-0.44,0.38,0.42
0.40,-2.51,26.33,-0.47,-0.16,0.29
0.22,-2.32,25.33,-0.49,-0.69,0.13
-0.14,-2.35,23.36,-0.41,-1.24,-0.08
-0.65,-2.10,21.30,-0.31,-1.67,-0.36
-0.84,-1.63,19.70,-0.33,-1.98,-0.58
-0.92,-0.23,18.71,-0.44,-2.19,-0.71
-0.13,1.57,18.48,-0.57,-2.47,-0.64
0.22,1.87,16.61,-0.68,-2.91,-0.41
0.14,1.40,14.82,-0.66,-3.22,-0.34
-0.39,1.75,13.16,-0.51,-3.56,-0.38
-1.40,1.56,11.17,-0.26,-3.91,-0.43
-1.21,2.64,8.85,-0.11,-4.23,-0.47
-1.62,2.42,5.31,0.10,-4.61,-0.27
-2.28,0.79,0.84,0.17,-4.85,-0.02
-3.12,-0.69,-4.87,0.10,-5.07,0.12
-5.41,-1.51,-11.33,0.14,-5.11,0.08
-7.48,-0.33,-18.13,0.27,-4.94,-0.10
-8.54,0.92,-24.53,0.36,-4.43,-0.27
-7.91,4.02,-28.24,0.43,-3.70,-0.36
-7.01,4.70,-30.64,0.52,-2.82,-0.25
-4.80,4.64,-29.64,0.40,-1.75,-0.12
-3.23,4.87,-26.54,0.22,-0.85,0.06
-0.86,-0.71,0.99,-0.15,-0.18,0.10
-0.96,-0.64,0.96,-0.16,-0.22,0.10
-0.94,-0.72,0.85,-0.12,-0.25,0.09
-1.00,-0.79,0.83,-0.11,-0.27,0.06
-1.22,-0.83,1.20,-0.16,-0.31,0.06
-1.18,-0.39,1.21,-0.24,-0.37,0.08
-1.48,-0.63,0.48,-0.25,-0.45,0.12
-1.36,-1.15,-0.46,-0.23,-0.47,0.09
-1.26,-1.32,-1.44,-0.24,-0.40,0.04
-1.22,-0.99,-1.99,-0.28,-0.32,-0.01
-0.82,-0.49,-2.28,-0.26,-0.28,-0.01
-0.51,-0.81,-3.00,-0.20,-0.36,0.00
-0.33,-0.97,-4.30,-0.09,-0.52,-0.03
-1.23,-1.87,-7.20,0.15,-0.69,-0.07
-2.07,-2.53,-9.88,0.29,-0.71,-0.19
-3.09,-3.00,-12.90,0.22,-0.61,-0.27
-3.93,-2.22,-15.82,0.01,-0.23,-0.35
-3.82,-0.95,-17.53,-0.08,0.25,-0.34
-4.11,-0.70,-17.73,-0.09,0.79,-0.25
-4.02,-1.01,-17.33,-0.06,1.23,-0.17
-4.45,-1.73,-16.78,0.05,1.50,-0.18
-5.08,-1.93,-15.81,0.08,1.77,-0.30
-5.08,-1.16,-14.83,0.04,2.08,-0.34
-4.44,-0.53,-12.83,-0.13,2.39,-0.25
-4.56,-0.04,-11.13,-0.30,2.63,0.00
-5.67,-0.63,-9.73,-0.23,2.86,0.19
-6.39,-1.65,-7.58,0.04,3.11,0.12
-6.37,-1.78,-4.31,0.24,3.33,-0.05
-6.15,-0.48,-0.68,0.20,3.40,-0.13
-5.69,0.53,2.03,0.16,3.38,-0.06
-5.52,0.34,3.60,0.16,3.38,-0.01
-5.18,-0.48,5.98,0.27,3.47,-0.07
-4.34,-1.10,9.65,0.30,3.51,-0.18
-2.81,-1.31,13.85,0.12,3.42,-0.25
-1.94,-0.50,16.68,-0.12,3.15,-0.28
-0.57,0.49,18.66,0.01,2.80,-0.28
0.48,-0.44,20.01,0.18,2.41,-0.30
1.31,-1.11,20.79,0.17,2.04,-0.40
1.67,-0.83,21.67,0.03,1.69,-0.44
1.74,-0.44,21.97,0.00,1.34,-0.50
1.70,-0.01,22.05,0.04,0.96,-0.53
1.69,-0.31,22.06,-0.02,0.67,-0.51
1.73,-0.33,22.19,-0.17,0.36,-0.52
1.67,-0.01,22.00,-0.27,0.07,-0.52
1.77,0.25,21.44,-0.29,-0.27,-0.59
1.82,0.56,21.26,-0.28,-0.58,-0.69
2.29,2.29,21.33,-0.29,-0.94,-0.71
2.28,2.90,20.49,-0.19,-1.38,-0.59
1.91,2.94,19.69,-0.08,-1.77,-0.47
1.33,2.60,18.66,-0.02,-2.07,-0.35
0.36,1.77,17.99,0.05,-2.28,-0.27
-0.49,1.10,17.40,0.05,-2.46,-0.29
-1.17,0.47,16.73,0.03,-2.64,-0.40
-1.32,2.50,17.78,-0.23,-2.96,-0.41
-2.25,4.75,15.88,-0.41,-3.64,-0.10
-3.84,3.70,11.98,-0.16,-4.20,0.18
-5.61,1.63,9.06,-0.05,-4.41,0.27
-6.59,0.79,8.09,-0.27,-4.45,0.34
-7.51,1.39,6.45,-0.62,-4.61,0.44
-9.46,1.01,2.95,-0.69,-4.69,0.50
-9.18,1.11,0.71,-0.70,-4.73,0.28
-11.03,3.47,-1.38,-0.28,-4.88,0.13
-11.55,3.77,-3.37,0.16,-5.09,0.29
-13.77,1.07,-7.57,0.28,-5.40,0.59
-15.45,-1.14,-13.84,0.22,-5.38,0.59
-16.47,-2.53,-19.68,0.27,-5.01,0.42
-15.96,-1.65,-23.53,0.13,-4.35,0.23
-14.71,-0.73,-26.45,-0.03,-3.60,0.21
-13.44,-0.34,-27.83,-0.19,-2.78,0.25
-11.96,0.13,-27.93,-0.17,-2.09,0.35
-11.14,-1.41,-28.75,-0.09,-1.56,0.43
-10.49,-2.28,-29.51,-0.01,-1.02,0.31
-10.51,-2.07,-30.46,0.18,-0.47,0.09
-10.61,-1.48,-30.34,0.33,0.24,-0.13
-10.66,-0.49,-28.56,0.32,1.09,-0.25
-10.26,0.30,-25.49,0.22,1.90,-0.26
-9.89,0.71,-21.72,0.13,2.55,-0.20
-9.24,0.65,-18.48,0.06,2.96,-0.14
-8.80,0.41,-15.46,0.20,3.23,-0.15
-8.61,-0.01,-12.97,0.44,3.33,-0.25
-8.64,-0.43,-10.76,0.59,3.38,-0.37
-8.71,-0.69,-9.40,0.65,3.44,-0.47
-8.62,-0.90,-8.16,0.63,3.56,-0.53
-8.53,-0.58,-7.04,0.54,3.74,-0.53
-8.50,0.20,-5.71,0.49,3.93,-0.51
-8.07,0.53,-4.22,0.43,4.07,-0.42
-7.96,0.53,-2.95,0.35,4.21,-0.29
-7.70,0.00,-1.32,0.42,4.32,-0.25
-7.26,-0.43,0.98,0.47,4.33,-0.28
-6.65,0.09,2.99,0.46,4.19,-0.28
-6.36,-0.15,4.04,0.50,4.03,-0.21
-6.01,-1.07,5.06,0.48,3.88,-0.20
-5.95,-1.47,5.94,0.50,3.76,-0.26
-5.72,-1.84,7.38,0.53,3.68,-0.35
-5.39,-1.83,8.58,0.50,3.60,-0.45
-4.86,-1.22,10.24,0.45,3.57,-0.50
-3.72,-0.68,13.01,0.38,3.47,-0.52
-2.18,0.11,15.45,0.20,3.27,-0.48
-1.08,0.82,17.34,0.10,3.01,-0.39
-0.32,0.92,18.85,0.03,2.71,-0.31
0.31,0.80,20.34,-0.04,2.43,-0.25
0.74,0.85,22.13,-0.09,2.13,-0.20
1.16,0.87,23.94,-0.20,1.77,-0.12
1.37,0.82,24.70,-0.39,1.29,-0.02
1.17,0.13,24.16,-0.44,0.80,0.01
1.05,-0.78,23.83,-0.49,0.36,-0.07
0.97,-0.60,23.56,-0.59,-0.12,-0.21
1.23,0.14,22.53,-0.60,-0.60,-0.37
1.29,0.96,21.51,-0.56,-1.01,-0.47
1.15,1.23,20.15,-0.60,-1.31,-0.48
0.92,1.54,19.46,-0.74,-1.53,-0.46
1.73,3.39,19.46,-0.86,-1.80,-0.37
1.42,3.99,18.44,-0.81,-2.26,-0.14
1.31,3.55,16.59,-0.66,-2.77,0.01
0.34,2.44,13.81,-0.41,-3.21,0.08
-0.70,1.04,11.70,-0.23,-3.45,0.08
-1.74,0.50,10.07,-0.28,-3.63,0.11
-3.17,1.02,7.60,-0.32,-3.85,0.16
-3.26,1.87,4.95,-0.22,-4.02,0.27
-3.23,1.48,2.28,0.01,-4.16,0.44
-0.75,-0.43,0.25,-0.14,-0.13,0.02
-0.61,-0.10,-0.36,-0.11,-0.26,0.05
-0.86,-0.42,-1.29,-0.09,-0.33,0.08
-0.88,-0.85,-2.11,-0.10,-0.35,0.08
-0.86,-1.37,-3.32,-0.14,-0.34,0.04
-0.71,-1.90,-4.55,-0.18,-0.28,-0.06
-0.72,-2.21,-6.11,-0.25,-0.25,-0.13
-0.82,-1.76,-7.67,-0.36,-0.22,-0.19
-1.34,-1.09,-9.77,-0.42,-0.22,-0.18
-1.73,-0.68,-12.07,-0.37,-0.11,-0.16
-2.08,-0.69,-13.88,-0.13,0.10,-0.16
-1.62,-1.55,-14.74,0.16,0.37,-0.20
-1.20,-2.14,-14.93,0.33,0.57,-0.23
-1.73,-3.26,-15.39,0.36,0.74,-0.22
-2.28,-4.08,-15.87,0.14,0.96,-0.24
-3.15,-3.58,-16.75,-0.16,1.35,-0.29
-3.77,-2.43,-17.15,-0.21,1.82,-0.36
-4.62,-1.87,-16.40,-0.08,2.31,-0.40
-4.57,-1.66,-14.54,-0.03,2.74,-0.45
-4.17,-0.62,-12.46,-0.06,3.07,-0.41
-4.45,0.00,-10.60,0.05,3.23,-0.31
-4.40,1.03,-8.62,0.19,3.27,-0.20
-5.05,0.96,-6.86,0.34,3.34,-0.04
-5.50,0.57,-4.71,0.34,3.52,0.07
-6.02,0.10,-2.24,0.36,3.75,0.11
-6.57,-0.33,0.79,0.41,3.91,0.03
-6.49,0.34,3.55,0.53,3.92,-0.13
-6.54,0.16,6.19,0.80,3.85,-0.31
-5.92,0.27,9.72,0.92,3.77,-0.53
-4.40,1.28,13.24,0.84,3.60,-0.60
-3.00,1.73,15.54,0.72,3.35,-0.49
-2.04,1.45,17.60,0.69,3.09,-0.38
-1.48,0.53,19.50,0.70,2.80,-0.36
-1.35,-0.95,21.21,0.70,2.47,-0.40
-0.95,-1.48,22.90,0.57,2.13,-0.54
0.01,-0.93,23.87,0.41,1.72,-0.60
0.49,-0.29,24.55,0.30,1.25,-0.59
1.02,0.00,24.32,0.13,0.78,-0.54
0.78,0.44,23.31,-0.00,0.38,-0.54
0.78,0.50,22.47,-0.05,0.12,-0.56
0.97,0.44,22.40,-0.14,-0.05,-0.60
1.36,0.76,22.92,-0.30,-0.26,-0.61
2.01,1.74,23.08,-0.43,-0.60,-0.65
2.50,2.97,22.59,-0.42,-1.05,-0.67
2.54,3.82,21.47,-0.28,-1.57,-0.62
2.25,3.76,19.91,-0.22,-1.93,-0.51
2.00,3.49,19.08,-0.25,-2.14,-0.37
1.23,2.94,18.51,-0.29,-2.33,-0.22
-0.05,2.07,17.76,-0.24,-2.57,-0.14
-1.12,1.76,16.48,-0.15,-2.82,-0.18
-1.84,2.29,16.13,-0.11,-3.16,-0.27
-1.09,4.08,15.52,-0.36,-3.72,-0.13
-2.64,4.69,12.00,-0.49,-4.29,0.30
-4.96,2.22,8.88,-0.54,-4.46,0.61
-7.20,0.04,7.47,-0.79,-4.43,0.69
-8.67,-1.03,6.69,-1.01,-4.44,0.61
-9.92,-0.60,3.58,-1.07,-4.78,0.28
-10.42,1.03,-1.13,-0.82,-5.09,-0.11
-9.12,2.69,-4.12,-0.50,-4.97,-0.15
-8.95,3.27,-7.07,-0.58,-4.96,0.13
-10.53,2.44,-10.29,-0.66,-4.86,0.46
-12.42,0.56,-13.64,-0.67,-4.76,0.52
-13.55,-0.26,-17.35,-0.61,-4.58,0.33
-12.89,0.02,-21.63,-0.49,-4.17,0.04
-10.63,1.24,-24.19,-0.32,-3.63,-0.08
-9.08,1.81,-25.22,-0.25,-3.12,0.06
-8.82,0.96,-26.72,-0.23,-2.64,0.28
-9.48,-0.92,-28.03,-0.09,-2.14,0.35
-9.87,-2.59,-28.67,0.06,-1.61,0.24
-9.77,-3.56,-29.02,0.05,-0.98,0.05
-9.21,-2.46,-29.17,-0.03,-0.37,-0.19
-8.78,-0.85,-29.12,-0.00,0.30,-0.34
-8.29,0.40,-28.00,0.15,1.05,-0.44
-7.57,1.09,-25.24,0.28,1.75,-0.47
-6.25,1.39,-21.03,0.31,2.37,-0.42
-5.66,1.55,-17.64,0.33,2.68,-0.32
-6.06,1.22,-15.98,0.40,2.81,-0.27
-6.75,0.86,-14.75,0.52,2.91,-0.29
-7.57,0.46,-13.57,0.61,3.08,-0.32
-7.98,0.16,-12.40,0.68,3.34,-0.38
-8.08,-0.24,-10.66,0.77,3.61,-0.42
-8.36,-1.04,-8.21,0.81,3.91,-0.44
-7.71,-1.05,-5.22,0.69,4.11,-0.47
-7.48,-0.23,-3.47,0.52,4.14,-0.46
-7.32,0.73,-2.10,0.48,4.17,-0.40
-7.17,1.32,-0.52,0.52,4.17,-0.33
-7.18,1.29,1.13,0.58,4.15,-0.25
-7.26,0.87,2.94,0.63,4.16,-0.20
-6.85,0.59,5.07,0.63,4.15,-0.17
-6.83,0.23,6.82,0.70,4.08,-0.18
-6.68,-0.11,9.06,0.74,4.00,-0.26
-5.54,0.69,11.48,0.70,3.82,-0.35
-4.57,1.21,13.89,0.70,3.66,-0.37
-3.09,1.36,17.14,0.62,3.51,-0.38
-1.47,1.40,20.19,0.47,3.23,-0.35
-0.53,1.42,22.35,0.37,2.82,-0.27
0.06,0.62,23.97,0.35,2.29,-0.21
0.57,0.56,25.64,0.21,1.82,-0.16
1.21,1.24,26.70,0.02,1.29,-0.03
0.99,1.36,26.08,-0.13,0.76,0.13
0.28,0.76,25.25,-0.16,0.31,0.19
-0.20,0.22,24.51,-0.21,-0.06,0.13
-0.59,0.02,24.18,-0.27,-0.42,0.06
-0.48,-0.12,23.77,-0.39,-0.83,-0.05
-0.37,0.76,22.50,-0.49,-1.28,-0.17
-0.24,1.73,20.66,-0.42,-1.73,-0.20
-0.15,2.10,19.28,-0.34,-2.11,-0.19
0.18,2.46,17.56,-0.35,-2.47,-0.10
0.11,2.13,15.34,-0.34,-2.70,0.02
-0.13,1.02,14.34,-0.32,-2.86,0.10
-0.88,-0.33,13.17,-0.31,-3.16,0.17
-1.68,-1.26,11.87,-0.41,-3.59,0.16
-2.00,-0.35,7.69,-0.48,-4.11,0.16
-3.30,-0.26,3.25,-0.43,-4.34,0.19
-2.44,-0.30,-2.14,-0.59,-4.41,0.14
-3.32,0.71,-7.59,-0.62,-4.26,0.16
-3.18,0.53,-12.26,-0.61,-4.02,0.25
-5.45,0.02,-16.79,-0.64,-3.77,0.38
-6.72,0.62,-21.25,-0.53,-3.41,0.35
-6.93,1.63,-24.30,-0.23,-2.95,0.29
-0.63,-0.32,0.34,-0.06,-0.10,0.06
-0.56,-0.34,0.39,-0.09,-0.10,0.06
-0.67,-0.38,0.38,-0.09,-0.11,0.06
-0.78,-0.42,0.34,-0.09,-0.12,0.05
-0.76,-0.36,0.46,-0.10,-0.13,0.04
-0.75,-0.29,0.61,-0.12,-0.13,0.02
-0.66,-0.17,0.51,-0.15,-0.12,0.01
-0.66,0.03,0.32,-0.15,-0.13,0.01
-0.55,0.11,0.16,-0.11,-0.16,-0.00
-0.64,0.03,0.15,-0.07,-0.19,-0.00
-0.68,-0.10,-0.11,-0.06,-0.21,-0.01
-0.64,-0.11,-0.33,-0.11,-0.20,-0.01
-0.51,-0.02,-0.48,-0.19,-0.19,-0.02
-0.44,-0.07,-1.14,-0.23,-0.20,-0.02
-0.22,-0.10,-2.00,-0.24,-0.21,-0.02
-0.05,-0.60,-3.30,-0.21,-0.23,-0.00
0.31,-0.71,-4.77,-0.13,-0.26,-0.01
0.30,-0.59,-6.42,0.04,-0.40,0.00
-0.56,-0.94,-8.79,0.18,-0.55,-0.04
-1.53,-1.45,-12.26,0.32,-0.58,-0.21
-2.40,-1.84,-15.40,0.40,-0.34,-0.44
-2.16,-1.85,-17.47,0.40,0.14,-0.61
-1.62,-1.78,-17.89,0.29,0.67,-0.64
-1.46,-1.17,-17.78,-0.03,1.16,-0.52
-2.08,-0.39,-18.17,-0.35,1.63,-0.30
-2.81,0.39,-18.29,-0.44,2.09,-0.17
-3.03,1.10,-16.99,-0.32,2.47,-0.09
-3.09,1.37,-14.71,-0.15,2.84,-0.01
-3.05,0.66,-11.45,-0.11,3.16,0.04
-2.70,0.39,-8.68,-0.15,3.38,0.07
-3.04,-0.26,-6.13,-0.19,3.50,0.12
-3.19,-0.29,-3.18,-0.39,3.56,0.17
-2.96,0.30,-0.49,-0.55,3.48,0.26
-3.29,0.94,0.45,-0.49,3.31,0.35
-3.75,0.37,1.39,-0.14,3.26,0.33
-4.04,-0.40,3.57,0.24,3.24,0.20
-4.04,-1.21,6.58,0.41,3.23,0.05
-3.57,-1.67,10.09,0.28,3.25,-0.07
-2.57,-1.07,13.35,-0.02,3.21,-0.13
-1.64,-0.25,15.93,-0.21,3.04,-0.10
-0.98,0.18,18.13,-0.19,2.72,-0.08
-0.41,-0.35,19.70,-0.05,2.29,-0.09
0.05,-0.90,21.13,0.08,1.76,-0.14
0.09,-1.30,21.73,0.14,1.36,-0.18
-0.03,-1.66,22.22,0.11,1.01,-0.23
-0.20,-1.93,22.45,0.02,0.75,-0.30
-0.32,-1.62,22.69,-0.17,0.48,-0.37
0.11,-0.95,22.74,-0.21,0.09,-0.44
0.25,-0.78,22.37,-0.17,-0.32,-0.51
0.63,-0.26,22.24,-0.23,-0.77,-0.61
1.16,0.83,21.05,-0.30,-1.21,-0.63
1.09,1.41,19.55,-0.28,-1.56,-0.60
0.97,1.45,18.68,-0.26,-1.78,-0.58
1.01,1.75,18.18,-0.24,-2.02,-0.58
1.02,2.00,17.73,-0.15,-2.30,-0.55
0.90,2.21,17.08,-0.05,-2.69,-0.51
0.53,2.46,15.90,-0.04,-3.07,-0.39
-0.57,2.42,14.07,-0.05,-3.36,-0.21
-2.17,1.38,12.53,-0.02,-3.57,-0.06
-3.55,-0.27,10.92,-0.02,-3.74,-0.01
-4.86,-1.18,9.43,-0.03,-3.95,-0.09
-5.60,-1.42,7.28,-0.03,-4.22,-0.21
-6.34,-0.91,5.50,-0.04,-4.33,-0.32
-8.43,1.10,2.65,-0.05,-4.62,-0.28
-8.87,1.66,0.10,-0.12,-4.76,-0.06
-10.21,1.50,-2.93,-0.40,-4.82,0.10
-9.38,2.26,-5.98,-0.61,-4.68,0.08
-9.43,2.82,-8.56,-0.55,-4.62,0.14
-9.95,2.08,-11.70,-0.46,-4.54,0.19
-11.66,1.09,-15.70,-0.33,-4.47,0.19
-13.34,0.60,-19.47,-0.26,-4.23,0.10
-14.10,0.73,-23.32,-0.25,-3.81,-0.06
-12.86,1.24,-26.09,-0.28,-3.15,-0.29
-9.79,2.42,-27.03,-0.26,-2.37,-0.47
-7.43,3.02,-26.50,-0.21,-1.73,-0.44
-6.67,3.13,-26.36,-0.26,-1.21,-0.31
-7.07,3.17,-27.19,-0.25,-0.79,-0.18
-7.84,3.37,-28.14,-0.14,-0.28,-0.15
-8.35,3.87,-27.88,0.01,0.36,-0.17
-8.44,4.03,-26.71,0.11,1.01,-0.20
-8.16,4.13,-24.74,0.14,1.71,-0.22
-7.25,4.24,-21.73,0.17,2.43,-0.20
-6.61,4.35,-18.56,0.24,2.87,-0.12
-6.67,3.87,-15.69,0.31,3.11,0.05
-7.46,2.85,-14.29,0.29,3.28,0.18
-8.11,2.15,-12.97,0.26,3.56,0.23
-8.39,1.53,-10.95,0.29,3.84,0.20
-8.07,1.03,-8.86,0.32,4.05,0.14
-7.83,0.63,-6.87,0.33,4.19,0.10
-7.77,0.21,-5.04,0.32,4.30,0.09
-7.80,-0.00,-3.20,0.24,4.36,0.10
-7.65,0.31,-1.81,0.11,4.38,0.12
-6.90,1.09,-0.19,0.04,4.37,0.19
-6.41,1.47,1.33,0.04,4.30,0.32
-6.31,1.15,2.61,0.09,4.25,0.44
-6.43,0.26,4.16,0.19,4.24,0.45
-6.20,-0.44,6.09,0.33,4.19,0.36
-6.07,-1.08,8.32,0.48,4.05,0.24
-5.67,-1.24,10.71,0.54,3.86,0.09
-4.41,-0.51,12.78,0.53,3.61,-0.02
-3.09,0.21,15.15,0.48,3.39,-0.05
-1.49,0.84,17.64,0.42,3.19,-0.05
-0.25,1.30,19.88,0.42,2.92,-0.02
0.42,1.04,21.89,0.56,2.50,0.01
0.62,-0.11,23.42,0.75,2.03,0.02
0.62,-1.19,25.30,0.74,1.58,0.01
1.32,-1.21,26.83,0.47,1.07,0.07
1.01,-1.23,26.60,0.11,0.52,0.19
0.59,-1.58,25.32,-0.11,0.03,0.21
-0.04,-1.82,23.75,-0.25,-0.41,0.11
-0.50,-1.85,22.17,-0.34,-0.80,-0.05
-0.75,-1.78,20.82,-0.42,-1.10,-0.21
-0.78,-0.76,19.49,-0.52,-1.38,-0.36
-0.40,0.92,18.23,-0.51,-1.67,-0.43
-0.32,2.03,17.08,-0.44,-2.02,-0.43
0.10,2.55,15.99,-0.39,-2.37,-0.41
0.10,2.80,13.81,-0.31,-2.67,-0.32
-0.31,1.64,12.31,-0.20,-2.78,-0.22
-0.78,0.52,12.20,-0.25,-2.87,-0.19
-0.99,0.87,11.88,-0.30,-3.12,-0.18
-0.83,0.44,1.19,-0.08,-0.35,-0.00
-0.68,0.33,1.15,-0.08,-0.41,0.01
-0.55,0.21,0.90,-0.14,-0.44,0.04
-0.43,0.57,0.65,-0.23,-0.48,0.06
-0.42,0.78,-0.19,-0.27,-0.54,0.11
-0.74,0.78,-1.52,-0.23,-0.58,0.16
-1.42,0.37,-2.91,-0.11,-0.59,0.16
-2.18,-0.59,-4.40,0.02,-0.59,0.11
-2.88,-1.65,-6.37,0.13,-0.57,-0.00
-3.45,-1.90,-8.43,0.22,-0.54,-0.10
-4.09,-2.31,-10.60,0.25,-0.52,-0.11
-5.18,-2.30,-13.30,0.04,-0.40,-0.16
-5.75,-1.66,-16.39,-0.14,-0.11,-0.22
-5.70,-0.86,-18.81,-0.16,0.39,-0.28
-5.88,-0.46,-20.12,-0.09,0.93,-0.24
-6.10,-0.37,-20.65,0.02,1.45,-0.18
-6.83,-1.26,-20.25,0.16,1.92,-0.13
-7.14,-1.96,-19.49,0.16,2.40,-0.21
-6.89,-1.82,-17.89,0.10,3.00,-0.34
-5.91,-0.96,-14.24,-0.01,3.54,-0.41
-5.18,-0.07,-10.96,-0.17,3.88,-0.31
-5.20,0.18,-8.26,-0.19,4.05,-0.15
-5.60,0.07,-5.81,-0.12,4.11,-0.02
-6.15,-0.38,-3.32,-0.02,4.16,0.01
-6.29,-0.33,-0.45,0.11,4.21,-0.06
-6.10,-0.65,3.19,0.28,4.21,-0.16
-5.58,-0.88,6.24,0.32,4.21,-0.30
-4.47,-0.24,9.62,0.36,4.18,-0.45
-3.67,0.32,13.02,0.40,4.02,-0.52
-3.11,1.16,16.28,0.40,3.82,-0.49
-2.39,1.44,20.21,0.37,3.54,-0.31
-1.44,0.74,23.95,0.17,3.20,-0.09
-0.66,0.30,26.13,-0.07,2.77,0.05
-0.01,0.07,27.36,-0.11,2.28,0.06
0.19,-0.37,28.37,0.05,1.68,-0.04
0.11,-0.88,29.19,0.17,1.12,-0.20
0.45,-0.82,29.92,0.17,0.55,-0.31
0.85,-0.08,30.13,0.04,-0.02,-0.35
1.31,0.49,29.56,-0.08,-0.58,-0.28
1.07,0.19,28.30,-0.17,-1.01,-0.23
1.24,-0.04,27.47,-0.32,-1.40,-0.25
1.39,0.34,26.45,-0.44,-1.82,-0.33
1.31,1.03,24.75,-0.43,-2.31,-0.39
0.96,1.55,23.36,-0.36,-2.77,-0.41
0.09,1.98,21.99,-0.31,-3.23,-0.36
-0.59,2.33,20.24,-0.34,-3.71,-0.26
-1.78,2.38,17.54,-0.43,-4.14,-0.14
-2.97,2.04,14.82,-0.51,-4.45,-0.01
-5.10,0.31,12.07,-0.63,-4.72,0.11
-6.43,-0.26,9.26,-0.77,-4.95,0.04
-7.46,0.64,5.93,-0.77,-5.19,-0.10
-8.20,2.38,1.98,-0.63,-5.40,-0.18
-9.93,2.25,-2.31,-0.50,-5.36,-0.12
-11.57,3.47,-6.35,-0.63,-5.34,-0.06
-13.26,3.50,-11.10,-0.61,-5.31,0.13
-13.15,2.09,-15.16,-0.71,-4.85,0.22
-13.63,1.89,-19.27,-0.80,-4.62,0.21
-14.46,1.60,-24.29,-0.62,-4.40,0.11
-15.15,1.93,-29.54,-0.41,-4.10,-0.01
-15.44,2.25,-33.89,-0.23,-3.42,-0.01
-15.13,2.06,-36.67,-0.30,-2.44,0.03
-13.76,2.06,-37.80,-0.33,-1.37,0.01
-12.54,2.22,-37.37,-0.19,-0.44,-0.10
-11.45,2.60,-36.22,0.05,0.35,-0.24
-10.71,3.34,-34.28,0.24,1.14,-0.35
-10.03,4.01,-31.05,0.30,2.01,-0.36
-9.29,4.58,-26.32,0.25,2.84,-0.32
-8.51,5.14,-21.93,0.22,3.40,-0.21
-8.34,4.75,-18.00,0.30,3.76,-0.07
-8.61,3.31,-14.43,0.47,3.99,0.02
-8.94,1.97,-11.89,0.60,4.15,0.03
-9.25,0.72,-9.38,0.69,4.31,-0.00
-9.40,-0.26,-6.42,0.64,4.47,-0.07
-8.77,-0.29,-3.64,0.50,4.58,-0.11
-8.16,0.06,-1.46,0.44,4.61,-0.11
-7.35,0.36,0.97,0.49,4.56,-0.11
-7.02,0.30,2.52,0.53,4.48,-0.08
-6.83,0.18,4.01,0.55,4.41,-0.05
-6.15,0.53,5.72,0.56,4.31,-0.01
-5.65,0.18,7.28,0.58,4.21,0.07
-5.03,-0.15,9.11,0.56,4.10,0.07
-4.24,-0.21,10.62,0.61,3.95,0.01
-3.77,-0.44,12.40,0.72,3.76,-0.12
-2.94,-0.30,14.97,0.79,3.54,-0.31
-1.68,0.24,18.33,0.76,3.29,-0.43
-0.49,0.92,21.15,0.67,3.03,-0.49
1.09,2.20,24.27,0.56,2.74,-0.52
2.36,3.12,27.79,0.55,2.35,-0.45
3.41,4.02,30.98,0.48,1.72,-0.24
3.18,3.50,31.81,0.44,0.96,0.11
2.01,1.25,30.76,0.35,0.30,0.36
0.87,-0.43,29.76,0.13,-0.16,0.39
0.17,-0.95,28.97,-0.06,-0.61,0.32
-0.15,-1.53,29.14,-0.11,-0.96,0.19
-0.69,-1.38,28.20,-0.22,-1.59,0.08
-1.32,-0.60,24.96,-0.29,-2.16,0.01
-1.55,0.43,22.25,-0.28,-2.57,-0.05
-1.26,0.55,20.57,-0.42,-2.89,0.00
-1.76,-0.23,18.89,-0.69,-3.10,0.13
-2.76,-1.77,16.62,-0.96,-3.27,0.15
-3.64,-2.24,15.20,-1.17,-3.48,0.00
-3.50,-0.64,11.88,-1.22,-3.93,-0.26
-2.51,2.30,5.88,-0.89,-4.48,-0.35
-2.07,3.14,0.24,-0.42,-4.81,-0.21
-2.13,3.30,-4.66,-0.18,-4.76,0.07
-4.26,3.29,-11.47,-0.13,-4.90,0.50
-7.81,0.70,-17.82,0.06,-4.66,0.81
-10.96,-1.98,-24.04,0.09,-4.17,0.72
-11.75,-2.87,-28.23,0.24,-3.33,0.35
-9.61,-1.11,-29.05,0.31,-2.45,-0.08
-6.15,1.60,-27.39,0.42,-1.80,-0.15
-4.33,2.01,-25.81,0.61,-1.26,0.07
-4.13,0.31,-23.78,0.78,-0.76,0.20
-3.98,-1.10,-20.85,0.83,-0.30,0.16
-3.64,-1.70,-17.62,0.81,0.10,0.05
-3.23,-1.77,-14.42,0.73,0.42,-0.07
-2.70,-1.39,-10.80,0.62,0.68,-0.17
-1.78,-0.82,-7.09,0.38,0.85,-0.25
-0.86,0.34,-4.31,0.16,0.93,-0.30
-0.21,0.84,-1.96,0.06,0.93,-0.30
-0.33,0.18,0.39,-0.05,-0.07,-0.05
-0.27,0.26,0.43,-0.05,-0.10,-0.04
-0.27,0.32,0.39,-0.07,-0.12,-0.03
-0.21,0.36,0.29,-0.09,-0.13,0.00
-0.35,0.32,0.33,-0.10,-0.15,0.03
-0.43,0.26,0.16,-0.11,-0.16,0.04
-0.55,0.19,0.05,-0.12,-0.17,0.04
-0.66,0.12,-0.03,-0.13,-0.14,0.04
-0.66,0.11,0.02,-0.15,-0.12,0.03
-0.63,0.12,0.09,-0.16,-0.08,0.02
-0.62,0.20,0.17,-0.15,-0.08,0.01
-0.60,0.31,0.26,-0.13,-0.10,0.00
-0.64,0.31,0.28,-0.08,-0.13,-0.01
-0.60,0.25,0.22,-0.04,-0.14,-0.03
-0.62,0.28,0.19,-0.02,-0.15,-0.02
-0.68,0.22,0.10,-0.02,-0.15,-0.03
-0.68,0.23,0.13,-0.03,-0.13,-0.02
-0.46,0.20,0.44,-0.04,-0.13,-0.01
-0.58,0.08,0.49,-0.08,-0.13,0.02
-0.16,0.17,0.98,-0.13,-0.11,0.05
0.30,0.02,1.67,-0.16,-0.13,0.10
1.11,-0.57,2.42,-0.20,-0.21,0.10
2.59,-1.46,2.59,-0.27,-0.41,0.01
6.20,-2.32,0.57,-0.28,-0.73,-0.16
8.68,-2.25,-4.64,-0.03,-1.31,-0.51
6.10,-0.88,-14.85,0.57,-2.22,-1.01
-0.81,0.61,-28.54,1.45,-2.98,-1.06
-10.62,0.10,-43.41,2.09,-2.93,-0.60
-19.80,-2.07,-54.83,1.41,-1.14,-0.04
-22.62,-1.46,-55.44,0.01,2.18,0.34
-20.29,0.64,-46.02,-0.43,4.70,0.37
-18.12,0.90,-32.65,-0.06,5.83,0.14
-14.99,0.96,-19.60,0.04,6.09,-0.15
-11.80,2.80,-9.39,-0.22,6.01,0.01
-10.75,2.01,-1.40,-0.43,5.87,0.49
-10.61,-0.05,6.35,-0.73,5.85,0.76
-9.12,-1.05,14.08,-0.90,5.71,0.72
-7.80,-2.34,20.31,-0.70,5.31,0.53
-6.18,-2.80,25.29,-0.49,4.69,0.24
-5.48,-3.72,27.95,-0.30,4.08,0.05
-4.43,-4.76,30.26,-0.25,3.59,-0.16
-3.57,-4.63,31.50,-0.18,3.10,-0.34
-4.07,-4.09,32.44,-0.06,2.69,-0.56
-3.03,-2.79,34.34,-0.06,2.30,-0.71
-1.90,-1.98,35.30,-0.15,1.77,-0.74
-0.71,-1.09,36.58,-0.42,1.15,-0.76
0.85,0.01,35.49,-0.50,0.52,-0.72
1.01,-0.05,34.05,-0.24,-0.09,-0.73
1.80,-0.45,33.98,-0.01,-0.72,-0.78
1.48,-0.75,32.90,-0.00,-1.27,-0.80
1.63,-0.62,32.15,-0.09,-1.71,-0.83
1.34,-0.10,30.61,-0.26,-2.26,-0.81
0.16,0.67,28.37,-0.46,-2.72,-0.79
-0.90,1.57,26.08,-0.59,-3.12,-0.77
-2.25,2.10,23.51,-0.65,-3.54,-0.79
-3.40,2.90,20.77,-0.64,-3.98,-0.84
-4.37,4.24,17.74,-0.40,-4.43,-0.92
-5.52,3.19,15.14,-0.01,-4.93,-0.78
-8.02,-0.35,12.81,-0.19,-5.39,-0.53
-10.58,-0.60,8.00,-0.85,-5.76,-0.49
-13.73,1.18,0.88,-1.04,-5.96,-0.63
-15.16,3.68,-4.54,-0.85,-5.95,-0.86
-14.60,5.77,-10.30,-0.64,-5.88,-0.91
-15.36,6.96,-16.43,-0.30,-5.74,-0.83
-15.32,8.01,-22.13,0.05,-5.52,-0.53
-17.14,6.51,-27.45,0.32,-5.32,-0.08
-19.16,4.58,-32.58,0.26,-4.82,0.25
-21.23,3.28,-39.58,0.02,-4.30,0.35
-20.96,1.97,-44.28,-0.17,-2.84,0.15
-17.95,4.32,-45.91,-0.21,-1.66,-0.29
-15.26,5.95,-45.11,0.25,-0.84,-0.45
-14.64,5.65,-44.71,0.46,-0.04,-0.42
-14.71,5.82,-44.24,0.32,1.03,-0.31
-13.80,6.35,-40.90,0.18,2.25,-0.21
-12.14,7.30,-34.08,0.08,3.31,-0.12
-10.56,8.20,-27.51,0.02,4.00,0.04
-10.07,8.15,-22.31,0.12,4.45,0.25
-10.13,6.32,-17.77,0.41,4.73,0.37
-10.52,4.10,-13.45,0.63,4.93,0.39
-10.91,2.34,-8.99,0.64,5.06,0.42
-10.87,1.19,-5.26,0.45,5.14,0.49
-10.57,0.88,-2.69,0.25,5.22,0.53
-10.42,0.81,-0.84,0.16,5.33,0.56
-10.00,0.30,1.68,0.26,5.43,0.52
-9.14,-0.19,5.25,0.37,5.44,0.38
-7.96,-0.04,8.57,0.46,5.26,0.26
-6.85,0.25,11.38,0.56,5.02,0.24
-5.85,0.29,14.21,0.60,4.74,0.25
-4.85,0.25,16.73,0.52,4.45,0.30
-3.66,0.19,18.68,0.37,4.16,0.32
-2.60,0.44,20.01,0.29,3.83,0.34
-1.81,-0.14,21.29,0.35,3.51,0.31
-1.11,-1.02,23.29,0.49,3.20,0.17
-0.45,-1.50,26.53,0.58,2.85,0.02
0.48,-1.64,29.94,0.46,2.38,-0.06
1.04,-0.81,32.40,0.21,1.70,0.00
1.01,-0.74,32.23,0.05,0.93,0.17
-0.17,-1.44,30.63,-0.04,0.25,0.26
-0.81,-1.98,29.03,-0.03,-0.26,0.15
-1.36,-2.65,28.10,-0.00,-0.60,-0.01
-1.41,-2.85,27.49,-0.18,-0.99,-0.19
-1.44,-2.18,26.33,-0.39,-1.30,-0.35
-0.91,-1.14,25.35,-0.40,-1.71,-0.49
-0.49,-0.15,24.72,-0.44,-2.24,-0.61
0.09,1.62,23.14,-0.50,-2.81,-0.60
0.04,1.95,21.73,-0.42,-3.28,-0.45
-0.62,0.91,19.60,-0.49,-3.66,-0.30
-1.39,-0.08,17.04,-0.79,-3.94,-0.21
-1.82,0.05,13.59,-1.10,-4.29,-0.24
-3.01,0.99,8.52,-1.17,-4.67,-0.30
-4.48,2.62,2.28,-0.90,-5.04,-0.41
-5.68,4.08,-4.56,-0.40,-5.31,-0.45
-6.84,4.58,-11.70,0.05,-5.38,-0.30
-9.29,3.43,-19.02,0.39,-5.28,-0.04
-11.50,0.89,-26.17,0.41,-4.69,0.13
-12.26,0.48,-31.65,0.29,-3.90,-0.02
-10.79,3.01,-34.18,0.35,-3.09,-0.33
-8.17,4.39,-31.40,0.65,-1.75,-0.07
-4.55,4.71,-28.60,0.47,-1.05,-0.10
-2.70,4.72,-24.68,0.83,-0.42,0.05
-0.96,-0.08,-1.15,-0.50,-0.63,0.00
-0.95,0.05,-1.76,-0.46,-0.65,-0.07
-1.12,-0.04,-2.77,-0.35,-0.72,-0.15
-1.66,-0.13,-4.23,-0.15,-0.84,-0.26
-1.97,-0.08,-6.46,0.04,-0.93,-0.35
-2.47,-0.08,-8.54,0.11,-0.88,-0.35
-3.43,0.09,-10.50,0.09,-0.71,-0.32
-3.39,0.10,-12.83,-0.10,-0.43,-0.32
-3.41,0.81,-14.79,-0.35,-0.04,-0.29
-3.44,1.80,-16.75,-0.46,0.39,-0.21
-3.38,2.74,-17.48,-0.27,0.83,-0.08
-3.99,3.17,-17.09,0.13,1.17,0.10
-4.51,2.71,-16.36,0.48,1.52,0.24
-4.71,1.79,-14.52,0.64,1.91,0.32
-4.45,1.63,-12.64,0.51,2.26,0.38
-4.34,1.45,-11.29,0.41,2.54,0.44
-4.24,1.17,-9.46,0.39,2.76,0.46
-4.12,1.06,-7.78,0.39,2.95,0.48
-4.41,0.67,-6.31,0.53,3.08,0.48
-4.49,0.16,-4.59,0.72,3.21,0.42
-4.57,0.23,-2.50,0.76,3.35,0.36
-4.47,0.74,-0.43,0.83,3.42,0.32
-4.27,0.91,1.50,0.91,3.43,0.31
-4.11,0.52,3.30,0.95,3.42,0.31
-3.91,0.40,5.08,0.96,3.40,0.30
-3.76,0.02,6.37,1.01,3.38,0.31
-3.66,-1.04,8.05,1.13,3.37,0.28
-3.28,-2.03,10.32,1.17,3.38,0.15
-2.52,-2.29,13.49,1.25,3.34,-0.11
-1.09,-0.75,18.46,1.37,3.06,-0.42
1.44,1.55,22.49,1.56,2.48,-0.52
2.57,1.50,24.19,1.63,1.78,-0.39
3.04,0.75,24.36,1.48,1.17,-0.26
2.99,-0.01,24.25,1.20,0.75,-0.14
2.58,-0.92,24.52,0.99,0.53,-0.12
2.49,-1.26,25.26,0.74,0.17,-0.16
2.22,-1.23,25.01,0.43,-0.31,-0.17
1.92,-1.21,24.07,0.19,-0.65,-0.24
1.87,-0.45,22.88,0.07,-0.99,-0.39
2.13,0.89,22.56,-0.01,-1.41,-0.48
2.39,2.08,22.02,-0.30,-1.74,-0.38
2.23,2.50,20.58,-0.77,-1.93,-0.20
1.69,2.23,18.92,-1.05,-2.10,-0.06
1.29,1.95,17.78,-1.08,-2.26,0.02
0.51,1.32,17.58,-0.99,-2.46,-0.02
0.18,1.59,18.25,-1.10,-2.88,-0.07
-1.03,2.28,17.02,-1.40,-3.26,-0.01
-2.90,2.22,15.11,-1.47,-3.59,0.07
-4.30,1.43,13.15,-1.33,-4.02,0.10
-5.55,0.84,10.44,-1.31,-4.45,-0.00
-6.83,0.94,6.20,-1.45,-4.75,-0.19
-8.02,2.75,2.55,-1.57,-4.92,-0.32
-9.55,4.57,-0.10,-1.83,-4.91,-0.31
-10.12,7.24,-2.56,-1.88,-4.86,-0.25
-10.24,10.47,-5.28,-1.67,-5.08,0.04
-11.39,10.21,-10.43,-1.52,-5.08,0.60
-11.51,7.70,-15.17,-1.58,-4.70,0.94
-13.16,5.24,-20.22,-1.27,-4.45,1.17
-15.15,1.13,-23.51,-0.87,-3.81,1.10
-14.82,-0.47,-23.39,-0.83,-3.03,0.74
-14.01,0.17,-23.41,-0.93,-2.53,0.43
-13.08,1.15,-24.74,-0.82,-2.20,0.24
-12.67,1.06,-26.64,-0.61,-1.85,0.14
-12.65,0.52,-28.63,-0.52,-1.35,0.08
-12.29,0.42,-30.08,-0.53,-0.63,-0.06
-11.49,1.45,-30.10,-0.39,0.18,-0.25
-10.45,2.78,-28.89,-0.08,0.91,-0.40
-9.31,4.34,-25.89,0.28,1.64,-0.49
-7.87,5.65,-21.92,0.50,2.27,-0.42
-7.27,6.09,-18.49,0.63,2.73,-0.21
-7.66,5.10,-15.33,0.79,3.03,-0.03
-7.92,3.83,-13.22,0.90,3.24,0.02
-8.04,2.84,-11.34,0.99,3.44,-0.01
-7.84,2.30,-9.08,1.11,3.61,-0.11
-7.51,1.97,-7.15,1.20,3.74,-0.19
-7.29,2.31,-5.15,1.22,3.84,-0.23
-7.04,2.43,-3.74,1.19,3.90,-0.16
-7.02,1.96,-2.60,1.10,3.96,-0.12
-6.37,2.20,-1.63,0.99,4.02,-0.10
-6.05,2.39,-0.83,0.99,4.10,-0.07
-5.19,2.45,1.08,1.08,4.15,-0.04
-4.88,2.37,2.82,1.06,4.13,0.08
-4.84,1.65,4.18,0.99,4.11,0.20
-4.45,0.97,5.34,0.95,4.03,0.22
-4.18,0.49,6.69,0.89,3.94,0.20
-3.27,0.54,7.94,0.86,3.79,0.14
-2.62,0.86,8.64,0.84,3.60,0.12
-2.02,0.98,9.78,0.84,3.48,0.12
-1.91,0.95,11.28,0.86,3.36,0.15
-1.66,0.44,13.33,0.89,3.27,0.19
-1.39,0.01,16.26,0.80,3.19,0.18
-1.01,0.57,19.68,0.65,3.12,0.22
-0.61,0.66,23.95,0.63,2.90,0.26
0.18,0.16,27.97,0.64,2.37,0.26
0.10,-0.51,29.90,0.50,1.65,0.28
0.13,-1.56,30.26,0.28,0.98,0.24
0.58,-2.62,29.61,0.13,0.31,0.12
0.20,-3.91,28.48,0.07,-0.28,-0.03
0.25,-4.14,28.18,-0.06,-0.81,-0.33
-0.03,-2.96,26.75,-0.19,-1.51,-0.58
-0.13,-2.30,24.74,-0.28,-2.03,-0.72
-0.24,-0.38,22.84,-0.43,-2.55,-0.79
-0.49,1.11,20.87,-0.59,-2.91,-0.68
-0.55,2.12,18.82,-0.78,-3.25,-0.50
-0.63,2.57,16.44,-0.88,-3.57,-0.34
-1.06,2.26,14.02,-0.93,-3.79,-0.24
-1.79,2.35,13.25,-1.00,-3.88,-0.20
-1.52,3.42,13.76,-1.13,-4.15,-0.15
-2.43,3.60,11.40,-1.19,-4.60,0.01
-3.35,2.86,7.61,-1.17,-5.05,0.08
-5.36,2.03,1.96,-0.99,-5.45,0.12
-8.07,0.38,-3.75,-0.75,-5.63,0.08
-10.33,-0.45,-9.62,-0.63,-5.70,-0.11
-12.60,1.42,-16.84,-0.98,-5.44,-0.18
-13.16,4.01,-25.57,-1.39,-4.70,-0.11
-11.72,6.04,-32.71,-1.20,-3.67,-0.02
-10.31,5.28,-34.40,-0.27,-2.51,0.11
-9.35,2.40,-31.36,0.31,-1.51,0.20
-7.44,1.26,-25.58,0.39,-0.72,0.24
-5.70,0.76,-21.46,0.30,-0.32,0.25
-1.73,-0.30,0.73,-0.04,0.07,0.02
-1.78,-0.22,0.55,-0.06,0.07,0.05
-1.81,-0.12,0.47,-0.06,0.07,0.06
-1.67,-0.17,0.55,-0.09,0.05,0.08
-1.41,-0.47,0.54,-0.11,0.02,0.11
-1.48,-0.43,0.45,-0.11,-0.03,0.10
-1.65,-0.39,0.11,-0.08,-0.05,0.07
-1.74,-0.47,-0.11,-0.06,-0.04,0.02
-1.51,-0.36,-0.00,-0.10,-0.02,0.02
-1.27,-0.51,0.10,-0.12,-0.04,0.05
-1.18,-0.36,-0.18,-0.13,-0.09,0.07
-1.23,-0.17,-0.71,-0.12,-0.14,0.08
-1.53,-0.17,-1.42,-0.10,-0.12,0.07
-1.34,-0.16,-1.73,-0.07,-0.07,0.05
-1.06,-0.29,-2.27,-0.04,-0.10,0.04
-0.99,-0.73,-3.24,-0.01,-0.16,0.02
-0.63,-1.09,-4.72,0.05,-0.22,-0.03
-0.59,-1.53,-6.69,0.13,-0.31,-0.07
-1.30,-1.74,-9.09,0.16,-0.33,-0.06
-2.71,-1.51,-12.50,0.23,-0.28,-0.04
-4.73,-2.03,-15.96,0.38,0.00,-0.11
-5.76,-2.59,-18.30,0.43,0.46,-0.26
-5.86,-2.00,-18.94,0.38,1.06,-0.26
-5.77,-1.38,-18.48,0.38,1.56,-0.19
-5.65,-1.31,-17.65,0.52,1.95,-0.21
-5.46,-1.14,-16.41,0.66,2.32,-0.32
-4.92,-0.07,-14.35,0.76,2.71,-0.40
-4.17,0.77,-11.80,0.90,3.01,-0.37
-4.09,0.97,-9.16,1.12,3.21,-0.32
-4.10,0.09,-6.03,1.35,3.29,-0.30
-4.58,-0.81,-3.68,1.32,3.37,-0.22
-5.38,-1.35,-1.47,1.14,3.49,-0.15
-5.67,-1.11,0.80,0.96,3.61,-0.13
-5.69,-0.60,3.54,0.84,3.71,-0.15
-5.38,-0.36,6.26,0.86,3.73,-0.25
-4.78,-0.35,9.58,0.91,3.68,-0.37
-3.79,-0.79,12.30,0.87,3.56,-0.43
-2.68,-0.58,15.46,0.80,3.37,-0.49
-1.50,-0.15,17.96,0.65,3.11,-0.45
-0.12,0.19,20.59,0.51,2.76,-0.36
1.06,0.16,22.23,0.48,2.31,-0.42
1.64,0.25,23.12,0.50,1.84,-0.52
2.19,0.27,23.77,0.42,1.43,-0.58
2.54,0.08,24.12,0.25,1.01,-0.55
2.80,0.48,24.50,0.09,0.60,-0.49
3.03,0.81,24.50,-0.10,0.12,-0.38
2.99,0.66,24.03,-0.27,-0.29,-0.26
2.66,0.51,22.96,-0.34,-0.76,-0.29
2.27,0.79,21.42,-0.45,-1.09,-0.30
2.14,0.66,19.95,-0.62,-1.33,-0.30
2.38,0.79,18.97,-0.79,-1.53,-0.32
2.92,1.63,18.58,-0.96,-1.77,-0.30
3.10,2.51,18.52,-1.00,-2.14,-0.25
2.54,2.69,18.01,-0.94,-2.65,-0.19
1.48,1.96,16.36,-0.90,-3.17,-0.12
0.06,1.75,13.31,-0.89,-3.58,-0.16
-1.19,2.20,10.08,-0.91,-3.81,-0.11
-2.32,1.91,7.67,-0.97,-3.90,0.02
-3.80,1.15,5.67,-1.03,-3.98,0.08
-5.04,1.50,4.15,-1.14,-3.99,0.13
-5.64,2.27,2.01,-1.35,-4.02,0.28
-6.48,3.00,-0.74,-1.35,-4.09,0.30
-6.23,3.13,-2.69,-1.20,-4.14,0.25
-7.54,2.57,-5.54,-1.04,-4.15,0.30
-9.03,0.03,-7.43,-1.00,-4.14,0.40
-10.54,-0.75,-10.26,-0.92,-4.15,0.24
-12.45,-0.01,-14.64,-0.82,-3.97,0.15
-12.85,-0.62,-17.63,-0.84,-3.47,0.09
-10.85,0.15,-18.81,-1.11,-2.80,0.16
-9.37,1.02,-19.42,-1.15,-2.30,0.25
-7.68,1.53,-19.78,-0.90,-1.99,0.16
-6.83,1.39,-20.62,-0.54,-1.86,0.11
-7.21,0.69,-22.40,-0.22,-1.66,0.06
-8.02,0.24,-24.45,-0.02,-1.31,-0.00
-8.83,-0.30,-25.74,0.08,-0.74,-0.04
-9.38,0.34,-25.82,0.11,-0.04,-0.07
-9.05,0.58,-24.57,0.21,0.67,-0.07
-8.64,0.39,-22.61,0.36,1.23,-0.14
-8.36,0.32,-20.25,0.54,1.74,-0.22
-8.00,0.48,-17.63,0.72,2.14,-0.30
-7.64,0.31,-15.44,0.83,2.45,-0.32
-7.28,0.45,-13.78,0.85,2.75,-0.30
-6.48,0.54,-11.96,0.92,2.99,-0.29
-5.93,0.54,-9.75,1.05,3.17,-0.30
-5.72,0.24,-8.03,1.21,3.24,-0.36
-5.98,-0.36,-7.08,1.30,3.29,-0.41
-6.27,-0.14,-6.29,1.22,3.43,-0.37
-6.67,0.43,-5.13,1.05,3.67,-0.25
-6.10,0.87,-2.96,0.96,3.89,-0.21
-5.25,1.21,-0.38,0.95,4.00,-0.17
-4.60,0.73,1.96,1.05,3.96,-0.21
-4.08,0.21,3.73,1.20,3.80,-0.33
-4.36,-0.48,4.68,1.30,3.64,-0.40
-4.19,-1.17,6.18,1.14,3.54,-0.40
-3.83,-0.35,7.31,0.76,3.48,-0.25
-3.67,0.50,8.36,0.59,3.45,-0.13
-2.92,0.19,10.39,0.65,3.39,-0.17
-2.17,-0.58,12.38,0.63,3.28,-0.23
-1.18,-1.29,15.01,0.47,3.17,-0.25
0.06,-1.01,17.66,0.31,2.99,-0.32
1.19,-0.06,20.26,0.18,2.73,-0.38
2.30,1.13,22.76,0.04,2.42,-0.31
3.49,2.63,25.51,-0.20,2.05,-0.19
4.45,3.14,27.09,-0.36,1.47,0.02
4.02,1.89,27.34,-0.32,0.77,0.04
3.15,0.43,26.63,-0.28,0.07,-0.10
1.48,-0.47,24.79,-0.42,-0.49,-0.16
0.44,-0.85,23.53,-0.67,-0.83,-0.21
-0.19,-0.04,21.95,-0.92,-1.16,-0.22
-0.97,0.49,20.42,-1.03,-1.42,-0.24
-1.27,1.77,18.84,-1.08,-1.70,-0.27
-1.76,2.68,16.86,-0.96,-1.97,-0.23
-1.96,1.79,15.65,-0.71,-2.29,-0.28
-1.91,0.73,14.39,-0.55,-2.59,-0.30
-1.48,-0.15,13.23,-0.53,-2.88,-0.31
-1.29,0.55,10.96,-0.58,-3.15,-0.27
-1.07,1.22,8.09,-0.43,-3.44,-0.27
-1.71,0.05,5.34,-0.27,-3.62,-0.22
-2.04,-1.38,1.49,-0.39,-3.67,-0.22
-2.16,0.30,-1.87,-0.60,-3.76,-0.08
